{"n_hidden_layers": 5, "hidden_layer_size": 128, "_timestamp": 1710697316.4799526, "_runtime": 14.194081544876099, "_step": 2, "Fashion-MNIST images": {"_type": "image-file", "sha256": "f9ae28233f32bf80214f286f1d5f0903b94ca22236a2324b595305c8236a03e3", "size": 681, "path": "media/images/Fashion-MNIST images_1_f9ae28233f32bf80214f.png", "format": "png", "width": 28, "height": 28, "caption": "Bag"}, "Label": 9, "_wandb": {"runtime": 13}}